cntry_AN,state_of_health,religious_member,political_member,distrust_people,environment_vs_economy,neighbour_distrust,conf_press,conf_parliament,conf_civil_service,conf_govt,E069_12,E115,avoid_fare,cheat_taxes,govt_surveilence,H010,H011,sex,age,G027A,V002,V001,location,alpha.3,official_name,ghs,ethnic,linguistic,religious,area_km2,pop.km2,code,Wbcode,year.x,area_km,area_mi,pct_pop_inc,pct_popdens_inc,assassinations,strikes,guarilla,crises,purges,riots,revolutions,antgovt_dem,confict_index,legis01,legis02,legis05,legis06,legis07,polit02,polit03,polit04,polit05,polit06,polit07,polit08,polit09,polit10,polit11,polit12,polit13,polit14,polit15,pop1,pop2,sch_enrol_per_cap,country_code,health_spending_pct_gdp,year.y,life_exp.x,country,year,gdp_per_capita,gdp_growth,literacy_rate,secondary_school_enrl,geni_index,life_exp.y,poverty_headcount,pop_65,fdi_pct_gdp,aid_per_cap
AD,1.9103585657370519,0.1575274177467597,0.029940119760479042,0.7442557442557443,1.344546381243629,2.2791625124626123,2.755,2.763987792472024,2.4934934934934936,0.49096385542168675,3.0425963488843815,2.3642785065590313,1.8882235528942115,1.6763236763236764,2.2642073778664007,3.5886454183266934,3.5732801595214356,1.4930278884462151,46.73705179282869,1.7231075697211156,0.06573705179282868,0.08391608391608392,Andorra,AND,Principality of Andorra,30.5,0.7139,0.6848,0.2326,464,164.17,0032,AND,2019,468,181,0,0,0,0,0,0,0,0,0,1,125,11,28,2,3,255,1,0,0,4,1,3,2,3,13,1,1,3,2,1,93,5138,967,AND,6.71033096,NA,NA,Andorra,2019,40886.3911648431,1.84923825726078,NA,NA,NA,NA,NA,NA,NA,NA
AL,2.5454048360554555,0.02819262800796318,0.01941040416920977,0.9839725949282463,1.5686322889272009,2.292667867519515,3.211890608458656,3.6752226247998356,2.8787443897252896,0.14457815300473778,3.6992363402813555,1.5456331739919156,1.330535916035433,1.6461982393586212,2.5209344284145674,3.1245126665161,3.0461271798821308,1.526408702078272,45.424808508535136,1.0177086234979418,1.0030165145002283,1.0035983850232242,Albania,ALB,Republic of Albania,52.9,0.2204,0.0399,0.4719,28703,99.73,0020,ALB,2019,28748,11100,27,31,0,0,0,0,0,16,0,5,5625,74,140,3,3,189,1,0,0,2,1,3,2,3,15,1,0,2,2,0,3284,2959,2033,ALB,5.26271439,2018,78.458,Albania,2019,5353.2448564014,2.24007026773023,NA,95.0865936279297,NA,NA,NA,14.2026306207364,7.86051277529631,9.95378369822205
AM,2.3633590335591634,0.05012973602937126,0.0593355533346494,0.7552915504257672,1.6293487787001095,2.1461650318227603,2.748802031090318,3.0122988179773977,2.852606448457065,0.25234817785023617,3.049502527763451,2.0944159997489216,3.8535298143360506,3.8792698623593433,2.4242683943741024,2.718603584445514,2.616311836390417,1.5515887376055755,43.816553712952576,1.0304445910199023,0.9191074442763616,0.9222324593859048,Armenia,ARM,Republic of Armenia,50.2,0.1272,0.1291,0.4576,29743,99.44000000000001,0045,ARM,2019,29743,11484,-31,-29,0,0,0,0,0,2,0,2,875,88,132,2,3,150,1,0,0,2,1,3,2,2,13,1,0,2,2,0,3207,2793,1523,ARM,10.02538967,2018,74.945,Armenia,2019,4622.73349328671,7.59999999853918,NA,86.4723281860352,NA,NA,NA,11.4836677169087,1.85826759386502,141.90946065965
AR,2.1979097265194807,0.3336863516101695,0.07969762112063809,0.8031134246911765,1.5756361609932203,2.0022246160252526,2.889491732232438,3.102822914628125,3.15127484050258,0.2975581488497462,3.3264766435714286,2.2926957793965714,3.094102189656535,2.1389954011411167,2.606255557264706,3.074343428569343,2.8431490690567824,1.5212946490747756,44.202740645401796,1.0164283222452641,0.7105117494614615,0.7882393708568569,Argentina,ARG,Argentine Republic,58.6,0.255,0.0618,0.2236,2780400,16.16,0040,ARG,2019,2780400,1073518,86,75,1,8,1,0,0,2,0,30,7938,64,257,2,3,402,1,0,0,2,2,2,1,0,23,1,1,2,2,1,43284,403,2881,ARG,9.62454033,2018,76.52,Argentina,2019,9912.28180859803,-2.08801486381233,NA,NA,NA,NA,35.5,11.2431082719004,1.49582091110711,0.406108657497794
AT,1.9775582876494775,0.3229304485911822,0.07486427457189321,0.4914425566527656,1.512421530696974,1.9171112771667465,2.8662001454561423,2.569389534889872,2.3906214284498137,0.3984473918122469,2.9073788650026304,2.4615500118517346,2.623404559103503,1.844076382132629,2.5742696881640916,3.2367736782174843,3.4398879139459915,1.5202476139253984,48.01052744040594,1.119165283114025,0.8327534915467706,0.836000604548496,Austria,AUT,Republic of Austria,58.5,0.1068,0.1522,0.4146,83879,106.14,0061,AUT,2019,83871,32383,35,34,0,0,0,1,0,0,0,8,1250,71,183,2,3,258,1,0,0,2,1,3,2,3,14,0,0,3,2,1,8610,2659,1692,AUT,10.32559872,2018,81.69268293,Austria,2019,50137.6627762476,1.41873427248989,NA,NA,NA,NA,NA,19.0756062856682,-1.8199783496317,NA
AU,2.1103541139877504,0.3798669331106764,0.0947389569516854,0.5124311127460938,1.3230242443872244,2.1593438018717235,3.064154220868597,2.8662844155346368,2.534626751051124,0.30524131344654787,3.156157054686908,2.4343342433122483,2.472152682438234,1.9921912392093801,1.8231324139155085,2.9670429390624653,2.97054173011074,1.5069308114374653,46.70521879533036,1.099159913545757,NA,NA,Australia,AUS,NA,75.5,0.0929,0.3349,0.8211,7692024,3,0050,AUS,2019,7741220,2988901,140,128,0,2,0,0,0,0,0,14,2250,77,151,2,3,196,1,0,0,1,1,3,2,3,29,1,0,3,2,1,23583,79,2934,AUS,9.28459835,2018,82.74878049,Australia,2019,55060.3261005013,2.16095629535999,NA,NA,NA,NA,NA,15.9212017459054,2.89989093701701,NA
AZ,2.372441519264983,0.003510424169363132,0.061972002304495406,0.71776100706484,1.452058169717314,2.256626472688105,2.4227272211067064,2.259844421724732,2.0892845732356595,0.93108459691845,2.795661262134869,2.5073943102873795,2.946547115830634,2.99032815654601,2.2199434523661528,2.9403345206026783,3.0723593497592927,1.514262862230133,42.11532173554227,1.0206669893118228,0.9849236409061852,0.9818596626824205,Azerbaijan,AZE,Republic of Azerbaijan,34.2,0.2047,0.2054,0.4899,86600,116.25,0064,AZE,2019,86600,33436,77,77,0,0,0,0,1,0,0,2,500,69,125,3,2,181,1,0,0,2,1,2,1,1,21,0,0,1,2,0,9631,2880,797,AZE,3.51373243,2018,72.864,Azerbaijan,2019,4793.58701966989,2.21870427670241,NA,94.7754898071289,NA,NA,NA,6.4463891203953,3.13005545965402,12.0698558458321
BA,2.2192181057277223,0.1301868708593165,0.05230561372672712,0.9089677546769543,1.6420296868203277,2.1976073022500744,3.1558852665925197,3.242275157600392,2.8828072349480425,0.18597830989647754,3.3962022760797126,1.969612157038981,2.4389185561701123,1.7606680989174295,2.512818243516307,3.1369856823782998,3.0267788568313763,1.5252026477155136,47.080076558366855,1.02484505039363,0.9774579609397585,0.9897372664609229,Bosnia and Herzegovina,BIH,Republic of Bosnia and Herzegovina,42.8,0.63,0.6751,0.6851,51209,68.57,0107,BIH,2019,51197,19767,-19,-21,0,0,0,0,0,1,0,7,1188,9,42,2,3,467,1,0,0,4,1,5,2,2,10,1,0,2,2,0,3756,1900,1457,BIH,8.895051,2018,77.262,Bosnia and Herzegovina,2019,6108.51069581338,2.67816082303464,NA,NA,NA,NA,NA,17.2011511663132,1.93516633806713,140.71796721164
BD,2.285,0.304857621440536,0.11989795918367346,0.8707256046705588,1.5234305923961096,1.8006672226855713,2.1073825503355703,1.9922813036020584,2.115695067264574,0.8205560235888796,2.638225255972696,2.4814814814814814,1.8008333333333333,1.7008333333333334,1.5800711743772242,2.1669941060903732,2.7721280602636535,1.5066666666666666,36.590833333333336,1,1,1,Bangladesh,BGD,People's Republic of Bangladesh,35,0.0454,0.0925,0.209,143998,1181,0901,BGD,2019,148460,57321,98,-206,0,4,5,0,0,10,0,7,11250,289,350,3,2,121,1,0,0,2,1,3,2,2,31,1,0,2,2,0,171803,29972,1997,BGD,2.3428061,2018,72.32,Bangladesh,2019,1855.73982408046,8.15268494677524,74.6844635009766,72.5581283569336,NA,NA,NA,5.18035134847486,0.630610264846871,27.492828228297
BG,2.5370698651620742,0.043086032335636695,0.05703970608255677,0.8284344506038613,1.4251518736442221,2.243800224246239,3.030048771226844,3.2421849914819094,2.9902893780629127,0.20980646912627077,3.291180137359518,1.822790380642679,1.6953032552738698,1.6519064771257976,2.3845917531955876,3.1396646238386317,3.4427610883336377,1.5110557940954024,59.34662811786247,1.0110003573710642,0.9830366902006188,0.9784723606750632,Bulgaria,BGR,Republic of Bulgaria,45.6,0.4021,0.3031,0.5965,111002,62.620000000000005,0130,BGR,2019,110879,42811,-65,-66,0,0,0,0,0,0,0,8,1000,95,240,2,3,253,1,0,0,2,1,3,2,3,19,0,0,3,2,0,7137,1667,1441,BGR,7.34667873,2018,74.96341463,Bulgaria,2019,9828.14851478139,3.694308379839,NA,NA,NA,NA,NA,21.252967270985,2.39779523220112,NA
BO,2.4878993223620522,0.6896217264791464,0.09917355371900827,0.9140205178309722,1.2812344449975113,2.8526417838099856,2.8497281265447354,3.2841140529531567,3.1901477832512315,0.23673870333988212,3.3993140617344437,2.04318418314256,3.962162162162162,2.0377450980392156,2.1872843765401675,2.859090909090909,2.923115832068791,1.5045960328979198,38.328979196903724,1.0038740920096851,0.9931972789115646,0.9912023460410557,Bolivia,BOL,Plurinational State of Bolivia,35.8,0.7396,0.224,0.2085,1098581,10.29,0100,BOL,2019,1098581,424164,144,111,0,1,0,0,0,10,1,7,6125,67,130,3,3,194,1,1,0,2,2,2,1,0,23,1,1,2,2,1,11639,274,2209,BOL,6.30102587,2018,71.239,Bolivia,2019,3552.0687602631,2.21670577750376,NA,NA,NA,NA,NA,7.33863164569056,-0.580526181766116,62.201318922168
BR,2.185781407701195,0.6660954272855485,0.03945102319337979,0.9331700313780347,1.3867992546543126,2.541625003769588,2.893870200271605,3.4510349101134503,2.645517997925797,0.23110653990755814,3.5299517298164447,1.9668505997871055,3.5551092533362727,3.010408686074356,2.3896304144786273,3.264681577470733,3.2896419866591464,1.5257342074318956,42.57773636690176,1.0049717069398412,0.985202966142369,0.9856552306927917,Brazil,BRA,Federative Republic of Brazil,59.7,0.5408,0.0468,0.6054,8515767,25,0120,BRA,2019,8515770,3287956,67,81,0,9,0,0,0,5,0,8,4812,56,513,2,3,916,1,0,0,2,2,2,1,0,19,1,1,2,2,0,204710,623,2418,BRA,9.51438713,2018,75.672,Brazil,2019,8717.18627810819,1.13658557200958,NA,NA,NA,NA,NA,9.25160803606065,3.75995918146404,1.37517489430966
BY,2.5695709255229167,0.07527087792207325,0.01564629908685349,0.5781628015414848,1.5870279352704773,2.135716095717793,2.7482305005722187,2.5871763755169765,2.8433073923953884,0.5541977507747285,2.92476817258009,2.0983362698201073,4.445000863859748,3.2575023259317413,2.166080367031936,3.305749184446405,3.405612903964342,1.5358093010624987,45.75484789174979,1.0916957858041785,0.8890741422243692,0.8861354015777296,Belarus,BLR,Republic of Belarus,35.3,0.3222,0.4666,0.6116,207600,45.59,0075,BLR,2019,207600,80155,-27,-34,0,0,0,0,1,0,0,1,375,11,110,3,1,1000,1,0,0,2,1,2,1,1,26,0,0,1,2,1,9358,1167,1603,BLR,5.64426613,2018,74.17560976,Belarus,2019,6663.29529282582,1.22209662862558,NA,NA,NA,NA,NA,15.2008413514816,2.01853325118206,22.6294765366178
CH,1.977221849054723,0.3932823586429613,0.07622078835592085,0.4068707548922302,1.2656041256515262,2.03197653437223,2.829624611748603,2.4128959523239337,2.303978911816847,0.6783914904582591,2.8620739682885774,2.8286379586311052,2.427547959621595,1.9923840108174777,2.2874312138718182,3.0380548459512475,3.273115746845007,1.508730725181653,48.63742387106344,1.2287186000787336,0.6488500695190192,0.6758519117026115,Switzerland,CHE,Swiss Confederation,67,0.5314,0.5441,0.6083,41285,207.98000000000002,1100,CHE,2019,41277,15937,66,67,0,1,0,0,0,0,0,12,1750,53,200,2,3,377,1,0,0,2,2,5,2,0,9,0,0,3,2,1,8333,5229,1700,CHE,11.87620926,2018,83.75365854,Switzerland,2019,81993.72712595,0.928832411662611,NA,NA,NA,NA,NA,18.8379960576695,-2.61456240926589,NA
CL,2.1960946944444446,0.387093106669,0.154389010572,0.8717757585318275,1.4076076739811518,2.251154573437626,2.648074647441414,3.1321137410459654,2.8494174497218814,0.3689326934587996,3.2954223189158216,2.5054140567446557,3.284748758110997,2.6262435069045686,2.6256229229482404,3.161861906502596,3.200396263221644,1.509630167645,44.577803211985,1.024970826822,0.9632853122,0.961390307325,Chile,CHL,Republic of Chile,58.3,0.1861,0.1871,0.3841,756096,22.979999999999997,0220,CHL,2019,756102,291932,71,65,0,6,8,0,0,12,0,5,15875,68,155,2,3,228,1,0,0,2,2,2,1,0,25,0,0,2,2,0,18098,620,2381,CHL,9.14051342,2018,80.042,Chile,2019,14896.4538665789,1.05444255073994,NA,NA,NA,NA,NA,11.8815401277688,4.22515135969717,NA
CN,2.1839510351308937,0.05334573016275999,0.10593436799867638,0.3606527844639415,1.3601455458016638,2.0094717800677464,2.2235396069161975,1.6965660596565189,1.8858081809817822,0.9491506429755534,1.7320126380576542,2.620035288378926,1.6291208989333112,1.5059282374439298,1.8221048785617568,2.3013922817475954,2.47805031154461,1.5048431282555994,42.62684875420883,0.9999594055929115,NA,NA,China,CHN,People's Republic of China,48.2,0.1538,0.1327,0.6643,9640821,146,NA,NA,NA,NA,NA,NA,NA,NA,NA,NA,NA,NA,NA,NA,NA,NA,NA,NA,NA,NA,NA,NA,NA,NA,NA,NA,NA,NA,NA,NA,NA,NA,NA,NA,NA,NA,NA,NA,CHN,5.35107994,2018,76.704,China,2019,10261.6792453621,6.11011828768078,NA,NA,NA,NA,0.6,11.4721930236832,1.08635849065419,-0.422103204493584
CO,2.038157894736842,0.6230263157894737,0.2888157894736842,0.9546052631578947,1.309271523178808,2.6473684210526316,2.982236842105263,3.3072368421052634,3.213157894736842,0.11907894736842105,3.3046052631578946,1.8967105263157895,3.6638157894736842,2.0526315789473686,2.276315789473684,2.9802631578947367,3.0032894736842106,1.5,38.839473684210525,1.0289473684210526,0.9769433465085638,0.9781167108753316,Colombia,COL,Republic of Colombia,44.2,0.6014,0.0193,0.1478,1141748,41,0240,COL,2019,1138910,439735,93,91,1,9,64,0,0,10,0,6,86438,35,166,2,3,474,1,0,0,2,2,2,1,0,19,0,0,2,2,0,48990,1114,2407,COL,7.63980007,2018,77.109,Colombia,2019,6428.67620562768,3.26021670173643,NA,NA,NA,NA,NA,8.76583000729666,4.42305771587664,17.9290815360699
CY,1.9330171314404405,0.24270499921233568,0.19334996784873096,0.9482793895197916,1.5137039125798688,2.184929797522449,2.746158264380342,3.009661771490486,2.6376323656062826,0.3595539901193717,3.2572048476033935,2.461825286043531,2.412965537128049,1.5387806407570563,3.099331099636076,3.2963029926723046,3.2129016346761303,1.5429492478040001,46.247745736133,1.135556392048,0.8303751063943662,0.824618290998994,Cyprus,CYP,Republic of Cyprus,43,0.0939,0.3962,0.3962,5896,148.56,0290,CYP,2019,9251,3572,114,113,0,0,0,0,0,0,0,4,500,18,56,3,3,311,1,0,0,2,2,2,1,0,12,0,0,2,2,0,1243,3480,1221,CYP,6.76976299,2018,80.828,Cyprus,2019,27858.3709958327,3.07503434303197,NA,NA,NA,NA,NA,14.0482656487913,103.933764531285,NA
CZ,2.207827110231873,0.12073929159132663,0.05446129662002082,0.7787718000037125,1.4667402104263698,2.083176560145836,3.1015610743861393,3.265568776354438,2.7981009052631296,0.18676622998627554,3.317200611424081,2.3715869067737088,3.1156582234169377,2.1061989885088925,2.5804375481581356,3.542966006594757,3.635675561465887,1.5326338466942169,47.78104305882302,1.0507221116368295,0.932422883814693,0.9313507186113281,Czech Republic,CZE,Czech Republic,52,0.3222,0.3233,0.6591,78867,135.43,0301,CZE,2019,78867,30451,6,6,0,0,0,0,0,0,0,12,1500,78,200,2,3,256,1,0,0,2,1,3,2,3,15,0,0,3,2,0,10789,3543,1579,CZE,7.64651203,2018,79.02926829,Czech Republic,2019,23494.5962002944,2.33530928255712,NA,NA,NA,NA,NA,19.8007448446372,3.72300914995656,NA
DE,2.296512444618582,0.376136458146159,0.04734504122224569,0.5693181149056277,1.3576261051570535,2.0706519688899743,2.7652056107509573,2.6779575446207446,2.397871083675873,0.39325513774044296,2.9764901081192594,2.7640717804057413,2.0024651988802598,1.561878498241482,2.196224575734848,3.085045964546162,3.4272346197260064,1.5148346081692967,50.464002000181154,1.1539004177684689,0.8112243458629236,0.8027489062560952,Germany,DEU,Federal Republic of Germany,66,0.1682,0.1642,0.6571,357168,232.8,0420,DEU,2019,357022,137847,-19,-19,0,2,0,0,0,8,0,34,7250,246,709,2,2,288,1,0,0,2,1,3,2,3,15,0,0,3,2,0,81283,5897,1590,DEU,11.42995071,2018,80.89268293,Germany,2019,46445.2491012508,0.555450887945668,NA,NA,NA,NA,NA,21.5629923209089,1.87021252649331,NA
DK,2.0215093471598866,0.5951026439296437,0.05011087651916226,0.2602787413731821,1.4435186399174487,1.6949578291488838,2.8579393585004307,2.5779387934820543,2.468939750975806,0.398341135356031,2.8404844788355277,2.7687034155047985,2.1284666126088068,1.5787202853852575,1.8480507846937684,3.144177805428438,3.108298119964862,1.500544435093688,42.79730097188435,1.0951657540239639,0.8905098950304348,0.8850751721716921,Denmark,DNK,Kingdom of Denmark,70.4,0.0819,0.1049,0.2333,43098,134.91,0320,DNK,2019,43094,16639,48,47,0,0,0,0,0,2,0,5,1250,48,179,3,3,373,1,0,0,1,1,3,2,3,20,1,1,3,2,1,5669,3407,2373,DNK,10.0707159,2018,80.95365854,Denmark,2019,60170.3426365069,2.8495144411967,NA,NA,NA,NA,NA,19.965259128921,-2.14200987846463,NA
EC,2.1392827356130106,0.5180824222035324,0.1165129924559933,0.9413763806287171,1.434108527131783,2.7545909849749584,2.8013468013468015,3.168067226890756,3.3435114503816794,0.3220910623946037,3.3089840470193117,2.03236797274276,3.9731993299832498,2.3352990732940184,2.291245791245791,3.004248088360238,2.9275979557069847,1.5225,39.48833333333334,1.01,0.989983305509182,0.9756915339480302,Ecuador,ECU,Republic of Ecuador,50.1,0.655,0.1308,0.1417,276841,64,0340,ECU,2019,283561,109483,120,121,0,5,0,0,0,2,0,5,2500,74,137,3,3,185,1,0,0,2,2,2,1,0,25,0,0,2,2,0,15608,1426,3090,ECU,8.13646507,2018,76.8,Ecuador,2019,6183.82382482173,0.0537188288209904,NA,NA,NA,NA,25,7.37219936706493,0.880765497670653,30.2210315702567
EE,2.461292780651521,0.05624321583554066,0.023755855891401265,0.6567007675083195,1.4436257930736405,2.0572997352592304,2.8537011782108332,2.8157389849166417,2.3130474872963847,0.4352588756280974,3.1559009125225512,2.247629302863481,2.645411581910818,2.1386244066320854,2.53313086867623,3.544432768287237,3.3904720633825285,1.5398151290316378,49.60910802885474,1.1128079070676857,0.7926817733842604,0.7689077257487696,Estonia,EST,Republic of Estonia,57,0.5062,0.4944,0.4985,45339,29.22,0360,EST,2019,45228,17463,-62,-68,0,0,0,0,0,0,0,4,500,34,101,2,3,297,1,0,0,2,1,3,2,3,15,1,0,3,2,1,1279,732,1646,EST,6.6878767,2018,78.24390244,Estonia,2019,23723.306112848,4.99644378512059,NA,NA,NA,NA,NA,19.9918077800442,9.41382545912466,NA
EG,2.4266666666666667,0.016680567139282735,0.006672226855713094,0.9264828738512949,1.6619452313503305,1.8098415346121768,3.4052532833020637,3.4595141700404857,3.0946073793755913,NA,3.7012542759407068,2.1751101321585904,1.5925925925925926,1.5373514431239388,NA,NA,NA,1.4825,39.69916666666666,1.0008333333333332,0.9983333333333333,0.9983333333333333,Egypt,EGY,Arab Republic of Egypt,39.9,0.1836,0.0237,0.1979,1002450,101,1200,EGY,2019,1001450,386662,228,228,0,0,39,0,1,2,0,2,49875,65,596,3,2,917,1,0,1,2,1,2,1,1,34,0,0,2,2,0,90242,2334,333,NA,NA,NA,NA,"Egypt, Arab Rep.",2019,3019.20582861756,5.55768388791593,NA,89.4806823730469,NA,NA,NA,5.27633297632877,2.97272525036169,17.3386131818698
ES,1.9829340663392383,0.06474724551257602,0.04030415531536444,0.584815027028219,1.3971704805756682,2.027741211847876,2.814716215249723,2.853355796020767,2.5389223085357338,0.22342361879421993,3.166984159003153,2.303098825888263,3.779408639269102,2.812189971029452,2.5883367847109966,3.0575462367622417,3.0340381658155113,1.515714275162167,48.69603750484774,1.1246380022564682,0.8722003583995024,0.8739566026747815,Spain,ESP,Kingdom of Spain,65.9,0.4165,0.4132,0.4514,505990,92.76,1060,ESP,2019,505370,195124,67,68,0,6,0,1,0,6,0,23,6500,120,350,3,2,292,1,0,0,1,1,3,2,3,18,0,0,3,2,1,48970,2510,1717,ESP,8.97741413,2018,83.43170732,Spain,2019,29600.3782526602,1.95012689445046,NA,NA,NA,NA,NA,19.6478229478216,1.06303804790221,NA
ET,1.7306753458096014,0.8852725793327909,0.09950248756218906,0.8809135399673735,1.5328345802161263,1.903173311635476,2.7121067683508104,2.512380952380952,2.4103819784524974,0.6625514403292181,2.9891500904159134,2.3189655172413794,2.019607843137255,1.5465020576131687,2.0913748932536294,2.091718610863758,2.6462585034013606,1.494308943089431,31.926829268292682,1.0016273393002442,1,0.9991869918699187,Ethiopia,ETH,Federal Democratic Republic of Ethiopia,40.6,0.7235,0.8073,0.6249,1063652,101.1,0370,ETH,2019,1104300,426372,256,256,2,0,8,0,0,7,0,5,13438,501,547,3,3,109,1,0,0,2,1,3,2,2,20,0,0,1,2,0,109177,2561,2051,ETH,3.29555655,2018,66.24,Ethiopia,2019,855.760862280838,8.3640856990789,NA,NA,NA,NA,NA,3.51669045500426,2.62345955188163,42.9159949871287
FI,2.315916650497262,0.3019897899842132,0.0680618591404251,0.3069346085538078,1.4591788966982389,1.7117460794411052,2.6254789326382393,2.641436565658515,2.4939775901712,0.4316694928779024,2.9820913724522926,2.5155824859492992,2.539443722836265,1.8266789960422862,1.6487123347734396,2.7492364651666654,2.876178817739497,1.5399891488835453,50.57801993862209,1.028718872420248,1.0136750180128813,1.0098206121478732,Finland,FIN,Republic of Finland,68.7,0.1315,0.1412,0.2531,338424,16.330000000000002,0380,FIN,2019,338145,130558,29,24,0,1,0,2,0,0,0,6,1500,40,200,2,3,500,1,0,0,2,1,3,2,3,19,1,2,3,2,1,5506,422,2188,FIN,9.037323,2018,81.73414634,Finland,2019,48782.7884755091,1.1455357025294,NA,NA,NA,NA,NA,22.1406446239043,5.85534315641096,NA
FR,2.2119750500353064,0.04928409951057576,0.01959282136819268,0.7370865072189924,1.528803905634922,2.1639466082539056,2.944062847824532,2.8752284139893027,2.5503871680291463,0.3179855010390202,3.3401826446845893,2.5651351868925762,2.6348527916634534,2.03731905232553,2.2407011188665624,2.9742284120825575,3.243129452780715,1.5321080738553452,50.38467718438499,1.1410935602254544,0.8089217388660734,0.7900002076172874,France,FRA,French Republic,68.2,0.1032,0.1221,0.4029,543965,123.28,0390,FRA,2019,551500,212935,35,33,0,6,0,0,0,24,0,25,12125,306,577,2,3,189,1,0,0,2,1,2,1,3,18,0,0,3,2,0,64951,3050,1964,FRA,11.25789452,2018,82.72439024,France,2019,40493.9285720456,1.50859403033795,NA,NA,NA,NA,NA,20.3913702817859,1.87952017613513,NA
GB,2.1079692679291644,0.14196255512944714,0.04002357823073988,0.5977797398502905,1.4417041975723175,2.0017118813769663,3.1384207467197878,2.780153607717765,2.4026128036476253,0.2963431648329729,3.0423181173123033,2.4955919110885456,2.609129434165464,1.7548459087256225,1.9076749704693865,2.8280498630125397,2.770331705319809,1.5179065222896504,48.708304436790854,1.174814269053739,0.7937195635621136,0.7800013196766564,United Kingdom,GBR,United Kingdom of Great Britain and Northern Ireland,77.9,0.1211,0.0532,0.6944,242495,279.95,1210,GBR,2019,243610,94058,49,50,0,2,4,1,0,13,0,41,14938,365,650,3,3,178,1,0,0,1,1,3,2,3,21,1,1,3,2,1,64577,6866,2084,GBR,9.99696255,2018,81.25609756,United Kingdom,2019,42330.117537005,1.46265820190786,NA,NA,NA,NA,NA,18.5086956390397,0.731572914945739,NA
GE,2.752351640958568,0.08496322736266261,0.034833972101275215,0.9155243229054042,1.3218592236225364,2.0556952844805405,2.8934441660285883,2.9845655330980665,2.4583919111876846,0.3844860315720447,3.187416537981873,2.2769767908636833,1.6903918347507683,2.2485542769096925,2.5654000328936326,3.0990200304009448,3.30270427318634,1.553012013164146,47.1816133235284,1.0170580566665728,0.9832591329019779,0.9883709797946172,Georgia,GEO,NA,52,0.4923,0.4749,0.6543,69700,53.51,0415,GEO,2019,69700,26911,5,6,0,0,0,0,0,2,0,6,1375,115,150,3,3,130,1,0,0,2,1,2,1,2,15,0,0,2,2,0,4357,1619,1595,GEO,7.11329746,2018,73.6,Georgia,2019,4697.7045759469,4.98235045944931,NA,106.296348571777,NA,NA,19.5,15.0610556287397,7.67353213360908,133.515862345944
GR,1.8317414680719064,0.057384727276293825,0.04658562490384616,0.9155201030664983,1.4860933015521305,2.3012470912870295,3.166074206555649,3.286236061557155,2.648667047134228,0.13157358674767147,3.4193770328069433,3.1310062171023767,2.442318447153718,1.674231779958927,3.1399235557372016,3.4010132512049744,3.3440329107304048,1.5348699577675,48.9225517544575,1.117964132195,0.865714896557596,0.8641819923564273,Greece,GRC,Hellenic Republic,53.8,0.1576,0.03,0.153,131957,81.27,0450,GRC,2019,131957,50949,-31,-31,0,7,0,0,0,13,0,14,7562,158,300,3,3,190,1,0,0,2,1,3,2,3,19,1,1,3,2,1,11323,2222,1150,GRC,7.71544075,2018,81.78780488,Greece,2019,19582.5359794936,1.87087000443557,NA,NA,NA,NA,NA,21.9414701261427,2.38244946721104,NA
GT,1.9517871986699917,0.8185654008438819,0.19316239316239317,0.8204488778054863,1.548060708263069,2.5463041631265932,2.9858686616791354,3.376558603491272,3.361596009975062,0.0889443059019119,3.4098088113050706,1.862011637572735,3.6838983050847456,2.3793691389599316,2.181202370872142,2.9480408858603067,2.8774635818337617,1.5303408146300914,33.49127182044888,1.0075503355704698,0.8761429758935994,0.8744804655029094,Guatemala,GTM,Republic of Guatemala,32.7,0.5122,0.4586,0.3753,108889,162.36,0460,GTM,2019,108889,42042,168,167,0,1,0,0,0,2,0,8,1875,37,158,3,3,427,1,0,0,2,2,2,1,0,17,0,0,2,2,1,16345,3888,2513,GTM,5.70716429,2018,74.063,Guatemala,2019,4619.98525821971,3.84490206694998,NA,51.1495780944824,NA,NA,NA,4.92898433077731,1.26027295223133,23.7201511310279
HK,2.5822888559633737,0.2972996258727711,0.12444617412771085,0.6337455803175218,1.5363379816097915,2.27025935882767,2.442640975903351,2.7587304943430944,2.41688076994701,0.5516636415292412,2.8962466856471742,2.580018148279173,2.4136897893817566,2.1394353459575086,2.457975584555286,3.0100422071687807,3.2008168921361433,1.526912649546506,48.54726582803742,1.3201786088032788,0.3368292683318735,0.30904473689391726,Hong Kong,HKG,Hong Kong Special Administrative Region of China,NA,0.062,0.2128,0.4191,NA,NA,NA,NA,NA,NA,NA,NA,NA,NA,NA,NA,NA,NA,NA,NA,NA,NA,NA,NA,NA,NA,NA,NA,NA,NA,NA,NA,NA,NA,NA,NA,NA,NA,NA,NA,NA,NA,NA,NA,NA,NA,NA,NA,"Hong Kong SAR, China",2019,48713.4737481561,-1.24948812430758,NA,107.740280151367,NA,NA,NA,17.498252456848,14.5391171632893,NA
HR,2.462875480184176,0.19371141795622027,0.07311990610514066,0.8619113151235228,1.456427992746454,2.20384735674654,3.23983873876453,3.507505677368643,2.940540493491702,0.09892288106023221,3.5697615644757907,1.709559379400784,3.2716899298578968,2.0050987905900377,2.8687071442298646,3.302753482194116,3.282178662544581,1.5315220915728813,50.02578325473671,1.10080874091033,0.8592501539429999,0.864501594178346,Croatia,HRV,Republic of Croatia,53.3,0.369,0.0763,0.4447,56542,72.3,0275,HRV,2019,56594,21851,-50,-50,0,2,0,0,0,0,0,7,1375,55,151,2,3,275,1,0,0,2,1,3,2,3,21,0,0,3,2,0,4365,1998,1551,HRV,6.82702351,2018,78.07073171,Croatia,2019,14936.100547343,2.85892596800696,NA,NA,NA,NA,NA,20.8601352345977,1.92592988231464,NA
HU,2.500945371772645,0.16628450342759693,0.01882693717957702,0.7288687227293786,1.353609968374807,1.8855663949640868,3.1174152493716716,2.8269569808294026,2.454426551506028,0.39189958427483723,3.206074252258524,2.0078130645945733,2.999590920743418,1.5206701917002603,2.1201827832915807,3.404437621572215,3.47425236786984,1.536447083334011,49.09226057411354,1.0273251382472028,0.9682116292732409,0.9660577436991787,Hungary,HUN,Hungary,54,0.1522,0.0297,0.5244,93029,104.96000000000001,0062,HUN,2019,93028,35918,-28,-25,0,2,0,0,0,0,0,15,2375,117,199,2,3,170,1,0,0,2,1,3,2,3,12,0,0,3,2,0,9865,2747,1543,HUN,6.70007229,2018,76.06585366,Hungary,2019,16731.8215139051,4.57819046064414,NA,NA,NA,NA,NA,19.6944576067002,19.60614063123,NA
ID,2.120350829145,0.6916479109249766,0.09621106959186228,0.9537658239590497,1.3215329234282547,2.321203321203252,2.467680114663839,2.4446523905642565,2.0524558726312656,0.7918561765522762,2.7519615837646314,2.213214094304585,2.8014541889668023,2.585027990089571,1.9696262630166772,2.1641176083606872,2.302824093351471,1.50347438399375,39.9493119101225,1.0011324140775,0.99999999994875,0.9998229679621875,Indonesia,IDN,Republic of Indonesia,56.6,0.7351,0.768,0.234,1904569,141.87,0530,IDN,2019,1904569,735358,79,77,0,0,12,0,0,11,0,11,19812,28,575,2,2,2054,1,0,0,2,2,2,1,0,36,1,0,2,2,1,250261,3403,2379,IDN,2.87053037,2018,71.509,Indonesia,2019,4135.56926281554,5.02471402216969,NA,NA,NA,NA,NA,6.05030268241321,2.19046980876868,-2.3277549747518
IQ,2.3966666666666665,0.19311502938706968,0.09028960817717206,0.8875638841567292,1.6025,1.8819095477386936,2.6756521739130434,3.5192644483362523,2.91674047829938,0.1993097497842968,3.5548780487804876,2.2905172413793102,2.986666666666667,2.735,1.721186440677966,2.4251497005988023,2.0033955857385397,1.4933333333333334,36.6025,1,1,1,Iraq,IRQ,Republic of Iraq,25.8,0.3689,0.3694,0.4844,438317,89.67999999999999,0550,IRQ,2019,438317,169235,216,218,0,5,259,1,0,46,0,2,339875,54,329,2,2,609,1,0,0,2,1,3,2,2,23,0,0,2,2,0,37281,2203,NA,IRQ,4.1062417,2018,70.454,Iraq,2019,5955.10901036816,4.40090984469357,NA,NA,NA,NA,NA,3.39853313359679,-1.31383095502457,56.2686879271091
IR,2.145527369826435,0.44021376085504343,0.09765886287625418,0.8516042780748663,1.3930013458950201,2.112525117213664,2.4495967741935485,2.354663036078965,2.200937709310114,0.5204835460040296,2.70260989010989,1.9620081411126187,2.7140939597315437,2.3324378777703156,2.1636240703177823,2.545516304347826,2.5110961667787493,1.4889926617745164,39.36691127418279,1.0026684456304202,0.9959973315543695,0.9939919893190922,Iran,IRN,Islamic Republic of Iran,37.7,0.6684,0.7462,0.1152,1648195,51,0540,IRN,2019,1648195,636371,110,104,0,1,9,0,1,6,0,3,14000,119,290,2,1,244,4,0,0,4,2,2,1,0,31,0,0,1,2,0,80076,1258,2323,NA,NA,NA,NA,"Iran, Islamic Rep.",2019,NA,-6.78421566790148,NA,NA,NA,NA,NA,6.35852205539563,NA,2.53757185069154
IS,2.0233456607342664,0.6153300331732708,0.1848260169111051,0.3696985592665607,1.2614316466376203,1.889466823468202,2.8251382994540375,2.7227719254741776,2.408970389253507,0.3168932774650669,3.006405605532337,2.475063088365866,3.14471822830859,1.8286716865947612,1.9240112884214675,3.5408405588035397,3.520930318275357,1.496291912233052,49.848926226200355,1.0722644756130182,0.9329068756275626,0.9319499776101817,Iceland,ISL,Republic of Iceland,46.3,0.0798,0.082,0.1913,102775,3.56,0510,ISL,2019,103000,39769,116,115,0,1,0,0,0,0,0,7,1125,16,63,2,3,394,1,0,0,2,1,3,2,3,11,0,0,3,2,0,349,88,2521,ISL,8.4693088500000009,2018,82.86097561,Iceland,2019,66944.8330769825,1.91867686670734,NA,NA,NA,NA,NA,15.192121074474,-1.98821744972377,NA
IT,2.17832716182297,0.05067934426023438,0.013977705366842064,0.7293123887754518,1.3672419407721121,2.1526244837611372,2.828766024684912,2.9250809793104304,2.7525420399087874,0.24347134874792467,3.2239144078672797,2.7153956072348477,1.9096716367876758,2.1007897936924698,1.9461414049054535,3.0365005555262488,3.0122293017715287,1.4845055274919619,51.72198179746708,1.0364372653253138,0.9728436638349328,0.9741359361527606,Italy,ITA,Italian Republic,56.2,0.1145,0.1147,0.3027,301308,199.97,0570,ITA,2019,301340,116348,11,11,0,12,0,1,0,6,0,13,6750,151,630,2,3,417,1,0,0,2,1,3,2,3,22,1,0,3,2,0,61885,5319,1505,ITA,8.66763401,2018,83.34634146,Italy,2019,33228.2366803707,0.342718996631092,NA,NA,NA,NA,NA,23.0121366488811,1.55681774790443,NA
JO,1.8469217970049916,0.0805892547660312,0.019064124783362217,0.8403010033444817,1.4901785714285714,2.012562814070352,2.8119584055459272,3.5690265486725665,2.7351638618246237,0.4252199413489736,3.579175704989154,2.530981887511916,NA,2.1056160938809723,1.9530988274706869,2.339225589225589,2.178691275167785,1.4954280964256026,43.3142144638404,1.137988362427265,0.743142144638404,0.744804655029094,Jordan,JOR,Hashemite Kingdom of Jordan,42.1,0.5926,0.0396,0.0659,89342,122,0610,JOR,2019,89342,34495,140,137,0,1,0,0,0,1,0,4,1062,10,130,3,2,1300,1,0,0,1,1,1,3,1,31,0,0,1,2,0,6875,1993,465,JOR,7.79041338,2018,74.405,Jordan,2019,4405.48841230824,1.9554663940488,NA,65.193977355957,NA,NA,NA,3.89341629235651,1.85491964458254,276.903056200896
JP,2.4742729306487696,0.11751497005988024,0.04416167664670659,0.6440281030444965,1.6376811594202898,2.353784860557769,2.2721036585365852,2.7621800165152766,2.5659609120521174,0.4336283185840708,2.823283082077052,2.636876763875823,1.3237951807228916,1.257336343115124,2.349673202614379,2.9441201000834027,3.254335260115607,1.5639320029563932,54.689578713968956,1.0097159940209268,0.9985029940119761,0.9947565543071161,Japan,JPN,NA,59.8,0.0119,0.0178,0.5406,377975,333.38,0600,JPN,2019,377915,145914,-27,-27,0,0,0,0,0,0,0,7,875,284,465,2,3,164,1,0,0,1,1,3,2,3,51,1,0,3,2,0,125846,8625,1400,JPN,10.95338821,2018,84.21097561,Japan,2019,40246.8801284164,0.654151650202522,NA,NA,NA,NA,NA,28.0020492778115,0.73157258801867,NA
KG,1.9012720646583334,0.14076862604690119,0.024082198527196653,0.8711484016386555,1.354673881398417,1.9459126298075313,2.5981741127690974,2.830209640969957,2.434716523860544,0.5321455769073917,2.883375744650561,2.2693733351888667,2.729908705546875,2.244085196099656,1.819514066635274,2.5706030678238343,2.9336950221391302,1.5132702911916667,40.332914105133334,1.0555809170975814,0.8968981117264387,0.9033031022435363,Kyrgyzstan,KGZ,Kyrgyz Republic,NA,0.6752,0.5949,0.447,199945,31.56,0645,KGZ,2019,199951,77201,95,94,0,0,0,0,0,2,0,4,1125,38,120,2,2,316,1,0,0,2,1,3,2,2,14,0,0,2,2,0,5815,753,2385,NA,NA,NA,NA,Kyrgyz Republic,2019,1309.39299165512,4.50713892307806,NA,96.3668518066406,NA,NA,NA,4.60029458294692,4.77685713531745,69.4930990808403
KR,1.942971887550201,0.26666666666666666,0.04497991967871486,0.6706827309236948,1.4265060240963856,2.0971887550200803,2.542971887550201,3.040160642570281,2.440160642570281,0.5132530120481927,2.9036144578313254,2.45140562248996,2.970281124497992,2.223293172690763,2.593574297188755,3.159839357429719,3.254618473895582,1.5124497991967871,45.619277108433735,1.010441767068273,0.9959839357429718,0.9967871485943776,South Korea,KOR,NA,70.2,0.0392,0.0028,0.4891,100210,516.72,NA,NA,NA,NA,NA,NA,NA,NA,NA,NA,NA,NA,NA,NA,NA,NA,NA,NA,NA,NA,NA,NA,NA,NA,NA,NA,NA,NA,NA,NA,NA,NA,NA,NA,NA,NA,NA,NA,NA,NA,NA,NA,"Korea, Rep.",2019,31846.2182324258,2.03934822710794,NA,NA,NA,NA,NA,15.0601768953737,0.641607358033567,NA
KZ,2.283676703645008,0.08354011579818031,0.11509591326105087,0.7610837438423645,1.5401588702559577,2.1886345698500396,2.305798252581414,2.1806451612903226,2.1845047923322682,0.7011217948717948,2.318548387096774,2.2809099901088032,4.280971659919028,2.9463696369636962,2.2497938994229183,2.933054393305439,3.082764505119454,1.547805642633229,41.240595611285265,1.0471327572663,0.9067729083665339,0.9093774625689519,Kazakhstan,KAZ,Republic of Kazakhstan,40.7,0.6171,0.6621,0.5898,2724900,6.6899999999999995,0615,KAZ,2019,2724900,1052089,89,62,0,1,0,1,0,1,0,4,1312,84,98,3,1,117,1,0,0,2,1,2,1,1,17,1,1,1,2,0,17052,162,2113,KAZ,2.92212725,2018,73.15,Kazakhstan,2019,9812.39037613835,4.5,NA,113.227531433105,NA,NA,NA,7.65234394098093,1.85499031021328,2.93886818451901
LB,2.09,0.10083333333333333,0.09583333333333334,0.9008333333333334,1.6300675675675675,2.2957393483709274,2.9780775716694774,3.1791421362489487,3.2298558100084818,0.2,3.2403361344537815,2.227966101694915,NA,2.56140350877193,2.512562814070352,2.647403685092127,2.5184254606365157,1.5,40.825,1.0066666666666666,0.9966666666666667,0.9958333333333333,Lebanon,LBN,Lebanese Republic,43.1,0.1314,0.1312,0.7886,10452,672.06,0670,LBN,2019,10400,4015,-667,-668,1,14,2,1,0,12,0,3,10688,25,128,2,2,512,1,0,0,2,1,3,2,2,30,1,0,2,2,0,4825,12017,2124,LBN,8.35297012,2018,78.875,Lebanon,2019,7583.69472170648,-6.69999999999995,NA,NA,NA,NA,NA,7.27329163283236,4.27621078274128,222.513688982368
LT,2.4811000072189735,0.10486323180859058,0.03266595158950227,0.6707297888931842,1.6515420418431905,2.0531827639696925,2.3915566831469053,2.938679518292117,2.5757705611586603,0.41668015803169156,3.0474906119300504,2.7108269546347477,3.446099969281802,2.714510216526169,2.457763804271406,3.4662450935054134,3.576654209095768,1.5954357988624563,49.322708588612386,1.021967949981011,0.963230923189808,0.9465217929231862,Lithuania,LTU,Republic of Lithuania,55,0.3223,0.3219,0.4141,65300,42.78,0710,LTU,2019,65300,25212,-112,-110,0,1,0,0,0,0,0,1,375,54,141,2,3,261,1,0,0,2,1,2,1,3,16,0,1,3,2,0,3177,1260,1576,LTU,6.56775236,2018,75.6804878,Lithuania,2019,19601.8908343885,4.33886103349596,NA,NA,NA,NA,NA,20.1584127130225,2.88130352057699,NA
ME,2.0321816865095794,0.08604938814758412,0.04487885274863329,0.7751270640948684,1.4042412034649714,2.031489069905933,3.045106555456953,2.7893046685354257,2.710680062383198,0.380715726451466,2.910256437662624,1.9612219266104545,2.1216788614376143,1.9667666612760815,2.8160071276155234,3.1993637676358975,3.164373336879992,1.515463565150274,46.09081081155136,1.062976044420713,0.8929736727498704,0.9296019879064129,Montenegro,MNE,Montenegro,43.7,NA,NA,NA,13812,45.05,1291,MNE,2019,13812,5333,-33,-26,0,0,0,0,1,0,0,14,2000,36,81,2,3,225,1,0,0,2,1,3,2,3,20,0,0,3,2,0,612,1148,1607,MNE,8.4230423,2018,76.77,Montenegro,2019,8908.93479246767,4.06293885004432,NA,90.0880432128906,NA,NA,NA,15.3891720688486,8.35113789012959,155.81777396523
MK,2.135348740180483,0.14715831426427925,0.12845011347566357,0.8396580477751989,1.4802137063091922,2.1243786450413618,2.9093805155542283,2.943383797454093,2.7216614317785437,0.2639856366636593,3.2053936729007204,1.7140618391985871,2.5246524920110724,1.7358505528522779,2.8420240907243084,3.1021432343439503,3.070944327092028,1.5011398300178045,46.815304619706474,1.0272768547433435,0.9320591659429569,0.955664598573687,North Macedonia,MKD,Republic of North Macedonia,39.1,NA,NA,NA,25713,80.78,0725,MKD,2019,25713,9928,14,14,0,2,0,0,0,0,0,8,1500,51,120,2,3,235,1,0,0,2,1,3,2,3,16,0,0,3,2,0,2072,2087,NA,MKD,6.58288956,2018,75.688,North Macedonia,2019,6022.21617939574,3.2,NA,NA,NA,NA,NA,14.0854223673228,4.37952543411037,68.0598960919116
MM,2.2783333333333333,0.30916666666666665,0.1225,0.8491666666666666,1.4875,2.1591666666666667,2.4275,2.078333333333333,2.0591666666666666,0.8016666666666666,2.245833333333333,2.175,3.161236424394319,1.6216666666666666,1.4108333333333334,1.6258333333333332,2.8933333333333335,1.4991666666666668,40.431666666666665,1,0.9991666666666666,0.9991666666666666,Myanmar,MMR,Republic of Myanmar,43.4,NA,NA,NA,676577,80.32,NA,NA,NA,NA,NA,NA,NA,NA,NA,NA,NA,NA,NA,NA,NA,NA,NA,NA,NA,NA,NA,NA,NA,NA,NA,NA,NA,NA,NA,NA,NA,NA,NA,NA,NA,NA,NA,NA,MMR,4.79125547,2018,66.867,Myanmar,2019,1407.81314341043,2.88796073310718,NA,NA,NA,NA,NA,6.01170459957569,3.01281422609036,38.4848509205892
MO,2.3659491193737767,0.19174041297935104,0.2357563850687623,0.5619834710743802,1.3986220472440944,2.1284313725490196,2.4011799410029497,2.3270935960591133,2.2889546351084813,0.687007874015748,2.3736372646184343,2.4734774066797645,2.515655577299413,2.292156862745098,2.3806262230919764,2.968688845401174,3.194716242661448,1.5596868884540118,40.68880688806888,1.417238001958864,0.23686818632309217,0.23552894211576847,Macao,MAC,Macao Special Administrative Region of China,NA,NA,NA,NA,NA,NA,NA,NA,NA,NA,NA,NA,NA,NA,NA,NA,NA,NA,NA,NA,NA,NA,NA,NA,NA,NA,NA,NA,NA,NA,NA,NA,NA,NA,NA,NA,NA,NA,NA,NA,NA,NA,NA,NA,NA,NA,NA,NA,"Macao SAR, China",2019,84096.3963112065,-4.71085944721383,NA,101.036689758301,NA,NA,NA,11.2117355900975,11.4995761630042,NA
MX,2.103034772642487,0.555713812561565,0.17068688966455697,0.8951373070253457,1.4566656618455667,2.5147354335576035,3.0265936705686958,3.375989662282305,3.358486876932153,0.17460873180817973,3.4934373289620253,1.964381016662729,4.284899699069226,2.9830843884098837,2.5593317318752886,3.234139583871528,3.3975246898809246,1.5224693575945947,41.80632651335751,1.0002191296043703,1.0002191296043703,1.0002191296043703,Mexico,MEX,United Mexican States,57.6,0.5418,0.1511,0.1796,1967138,64.35,0810,MEX,2019,1964375,758449,104,102,0,11,0,0,0,6,0,20,7125,193,500,3,3,259,1,0,0,2,2,2,1,0,20,0,0,2,2,0,119631,1577,2681,MEX,5.37147474,2018,74.992,Mexico,2019,9946.03382879198,-0.0545279280443225,NA,NA,NA,NA,NA,7.41666060424488,2.3133934138024,4.19978644985547
MY,2.188880426504189,0.4634146341463415,0.27210365853658536,0.8042650418888042,1.444021325209444,2.1881188118811883,2.655225019069413,2.6399694889397405,2.3264683447749808,0.5015243902439024,2.8268497330282227,1.9839939024390243,3.9794364051789795,3.4089870525514088,2.1759329779131757,2.875856816450876,2.7707539984767706,1.4996191926884996,38.32977913175933,1.0114242193450114,0.9596344249809596,0.9337395277989338,Malaysia,MYS,NA,62.2,0.588,0.597,0.6657,330803,99,0750,MYS,2019,329847,127355,129,129,0,1,0,0,0,0,0,5,875,129,222,2,2,172,1,0,0,1,1,3,2,2,26,0,0,2,2,0,31937,2508,2319,MYS,3.7562995,2018,75.997,Malaysia,2019,11414.2069765208,4.30281598221003,NA,83.748161315918,NA,NA,NA,6.92077130929584,2.49561752303418,0.187481739578907
NG,1.818172061700405,0.838966408244898,0.3640792377250409,0.8690577602439025,1.588754832178218,2.301597315465587,2.394163470212766,2.8262835743442625,2.5407399527302363,0.40247256326034064,2.8970842658813973,2.1868183216105175,2.016061836577453,1.7923628840356565,1.956433179265306,2.5459085645161292,2.574130203062914,1.4937480010509296,31.551348491996766,1.0028717670978173,0.9949340983831851,0.9978954598221503,Nigeria,NGA,Federal Republic of Nigeria,37.8,0.8505,0.8316,0.7421,923768,217.55,0890,NGA,2019,923768,356669,253,252,0,4,99,0,1,12,0,17,130875,217,360,3,3,166,1,0,0,2,2,2,1,0,27,1,0,1,2,1,187005,5243,NA,NGA,3.88990784,2018,54.332,Nigeria,2019,2229.85869624463,2.2084292771582,NA,NA,NA,NA,NA,2.74308333819201,0.736205107042569,17.5022744709074
NI,2.1083333333333334,0.6025,0.2875,0.9575,1.41,2.7666666666666666,3.0791666666666666,3.1858333333333335,3.2083333333333335,0.275,3.2925,2.0866666666666664,3.65,2.19,2.9910634495084896,3.3787610619469026,3.231858407079646,1.5091666666666668,35.1325,1.0016666666666667,0.9958333333333333,0.9858333333333333,Nicaragua,NIC,Republic of Nicaragua,43.1,0.4844,0.0473,0.429,121428,52.660000000000004,0870,NIC,2019,130370,50336,95,98,0,1,0,0,0,1,0,5,1188,71,92,3,3,130,1,0,0,2,2,2,1,0,17,0,0,2,2,0,6245,1241,NA,NIC,8.56453705,2018,74.275,Nicaragua,2019,1912.90374537869,-3.87904754979556,NA,NA,NA,NA,NA,5.45799237399973,4.01727819654027,59.4667895960272
NL,2.1512088422850564,0.24638529176309015,0.050703317775930755,0.40521385598366944,1.5590107148612875,1.6060385709669107,2.7930001547892602,2.6534774697342605,2.6430135761055134,0.4892906630208331,2.894240812441299,2.525295789107648,2.636398710485728,2.138619114527008,1.9271037124365735,2.8258144866565624,2.726091557515866,1.5114586361880278,49.32080473645425,1.1002865961425716,0.8433795567498034,0.849681458721477,Netherlands,NLD,Kingdom of the Netherlands,75.6,0.1054,0.5143,0.7222,41526,423,0850,NLD,2019,41543,16040,37,38,0,3,0,0,0,0,0,20,3250,33,150,2,3,455,1,0,0,1,1,3,2,3,15,0,0,3,2,0,17151,10693,2152,NLD,9.97458649,2018,81.81219512,Netherlands,2019,52331.3167277797,1.67741836780002,NA,NA,NA,NA,NA,19.6053197232518,3.93463489327884,NA
NO,1.9575855473782329,0.23377351135793467,0.08629060291558152,0.27220260067775426,1.326800610047784,1.7207270986494432,2.659415921475796,2.206565589996551,2.2350045158018603,0.5985043613737533,2.679676786915047,2.823778470653735,2.3016362431901674,1.7037766583379954,2.493248722837947,3.3121831790232297,3.4008352787707663,1.5001821868602165,47.792379221173945,1.1433399406611635,0.8442601265862753,0.8312183022477886,Norway,NOR,Kingdom of Norway,64.6,0.0586,0.0673,0.2048,323808,16.58,1091,NOR,2019,323802,125021,85,97,0,1,0,0,0,0,0,7,1125,49,169,2,3,345,1,0,0,1,1,3,2,3,22,0,0,3,2,0,5195,416,2229,NOR,10.0493927,2018,82.75853659,Norway,2019,75419.6348688089,1.15472193916453,NA,NA,NA,NA,NA,17.272665921403,3.41712779053944,NA
NZ,2.0471976401179943,0.3286852589641434,0.13765182186234817,0.40497512437810945,1.2946859903381642,1.9425403225806452,2.8469184890656063,2.588235294117647,2.44692144373673,0.5392456676860347,2.90216271884655,2.752155172413793,2.148003894839338,1.7928015564202335,1.9212827988338192,2.947623666343356,2.863106796116505,1.574468085106383,57.68287937743191,1.2269641125121242,0.8374142997061704,0.8295341922695738,New Zealand,NZL,NA,54,0.3969,0.1657,0.811,270467,19,0860,NZL,2019,268838,103799,143,112,0,3,0,0,0,0,0,11,2125,56,120,2,3,214,1,0,0,1,1,3,2,3,NA,0,0,3,2,0,4682,451,2456,NZL,9.21034622,2018,81.85853659,New Zealand,2019,42084.3533748088,2.81107010182147,NA,NA,NA,NA,NA,15.9939561741085,1.42236662207446,NA
PE,2.373026630285,0.42158589052048884,0.050395042302877696,0.9589481968043011,1.422560025759822,2.872941944428469,3.0348593409333815,3.71682119892971,3.57256648386565,0.10727190348008689,3.6561660166746033,2.23364224142535,2.7509690368211444,1.853000079218659,2.1117549347857145,2.96828283195827,3.126513705996229,1.515295386267857,40.88334763574786,1.0043417322392858,0.9959300443290415,0.99684510662804,Peru,PER,Republic of Peru,49.2,0.6566,0.3358,0.1988,1285216,25.02,0930,PER,2019,1285216,496224,92,95,0,12,0,0,0,4,0,17,6375,73,130,2,3,178,1,0,0,2,1,2,1,1,21,1,0,2,2,0,31586,637,1998,PER,5.23800182,2018,76.516,Peru,2019,6977.69578355382,2.1501313906839,NA,108.833801269531,NA,NA,20.2,8.39347886047604,3.91976585840699,14.638368585528
PH,2.4231306061508335,0.5370571422658333,0.1431737359232694,0.9473915876165413,1.3367866109498328,2.0908273809874998,2.092711551115,2.1428341009825,2.0310895812301917,0.8159974425091666,2.2864992223875,2.2527842410716667,4.8064448683995,4.043712298125208,1.6367993856066667,2.260946399411176,2.3666211465868114,1.500000022875,44.0252721681825,1.0014994967216666,1.00000001525,0.9989056088833334,Philippines,PHL,Republic of the Philippines,47.6,0.2385,0.836,0.3056,300000,366,0940,PHL,2019,300000,115831,152,153,1,1,50,0,0,1,0,13,65000,115,297,2,2,258,1,0,0,2,2,2,1,0,25,0,0,2,2,0,105566,9114,2127,PHL,4.40060663,2018,71.095,Philippines,2019,3485.08421835861,6.04057525655762,NA,NA,NA,NA,NA,5.31499621959123,2.03965789317753,8.37410609722486
PK,2.046161565479177,0.27237991266375544,0.20927664273881832,0.7650328448711471,1.5744,1.9768495218923,2.4423280423280422,2.5121816168327795,2.4195922989807475,0.6356668369954012,2.7645833333333334,2.335649385355425,2.04251012145749,1.9678089304257529,1.6958845537145912,1.958728388176241,2.3034257748776508,1.4802005012531327,35.64400805639476,1.0030075187969925,0.9533834586466166,0.9488721804511279,Pakistan,PAK,Islamic Republic of Pakistan,35.5,0.7098,0.719,0.3848,803940,277,0900,PAK,2019,796095,307374,207,206,0,9,82,0,2,17,0,57,117688,156,342,2,2,219,1,0,0,2,1,3,2,2,26,0,0,2,2,0,187633,6104,1865,PAK,3.20193386,2018,67.114,Pakistan,2019,1284.70204090039,0.98882943984708,NA,43.8188285827637,NA,NA,NA,4.32240770888347,0.797205378866864,10.0234885727842
PL,2.3524384165042442,0.08098311196222228,0.01263260384935285,0.7545581738604629,1.6049467234293175,2.2132715577669,2.9140088922568794,3.1110755056791275,2.706965836713407,0.24490052643157467,3.364557953551493,2.2606254615561205,2.480827510780978,1.5677812748970783,3.029070720167314,3.4998650202843837,3.6544958656205706,1.5327562592762933,47.00650343213452,1.0124661860695305,0.9845615802002906,0.9778804167966234,Poland,POL,Republic of Poland,55.4,0.1183,0.0468,0.1712,312685,122.76,0950,POL,2019,312685,120728,-19,-19,1,1,0,0,0,0,0,21,3188,235,460,2,3,196,1,0,0,2,1,3,2,3,24,1,0,3,2,1,37906,3140,1714,POL,6.33085012,2018,77.60243902,Poland,2019,15692.5070255563,4.54091951432764,NA,NA,NA,NA,NA,18.1168972529604,2.41651450472038,NA
PR,2.1074600355239785,0.614019520851819,0.1481810115350488,0.8216845878136201,1.4077407740774077,2.132562277580071,2.86875,3.344186046511628,3.239051094890511,0.1509433962264151,3.4995491433724077,2.236248872858431,2.1298119964189794,1.5192479856759176,2.6141450313339303,3.472645739910314,3.568100358422939,1.6071111111111112,49.66844444444445,1.061883408071749,0.9481346678798908,0.9489516864175023,Puerto Rico,PRI,NA,NA,0,0.0352,0.4952,NA,NA,NA,NA,NA,NA,NA,NA,NA,NA,NA,NA,NA,NA,NA,NA,NA,NA,NA,NA,NA,NA,NA,NA,NA,NA,NA,NA,NA,NA,NA,NA,NA,NA,NA,NA,NA,NA,NA,NA,NA,NA,2018,79.77819512,Puerto Rico,2019,32873.7192730424,1.18766355536251,NA,NA,NA,NA,NA,19.6970895286302,NA,NA
PT,2.3861331777490475,0.03652630020452188,0.005541291222709422,0.8320778317970456,1.420062755793711,2.1501280375330394,2.5794331012857894,2.894380363888053,2.6021572424021207,0.35341182799933674,3.141257044551232,2.468385866651641,1.9240542079256377,2.0341328469757936,2.5047229886365416,3.6023523964967374,3.3509598147730757,1.5184058469658543,48.179646006519356,1.1167933023786878,0.8863640979021822,0.8935233295065277,Portugal,PRT,Portuguese Republic,60.3,0.0468,0.0198,0.1438,92090,111.59,0960,PRT,2019,92090,35556,-25,-23,0,7,0,0,0,2,0,14,4125,108,230,3,3,213,1,0,0,2,1,3,2,3,18,0,0,3,2,1,10744,3022,1648,PRT,9.40783501,2018,81.32439024,Portugal,2019,23252.0585181211,2.23597655505208,NA,NA,NA,NA,NA,22.3566907196201,3.46377236938291,NA
RO,2.246136635200213,0.21361178214450766,0.06745008585420412,0.8789408971852963,1.5762259905043525,2.56469708396287,2.832647915208345,3.290056927373662,2.9675993044954234,0.19765462744886794,3.397892700859799,1.7771973754908519,2.106550497351683,2.4905156144975003,2.6120089594245526,3.231700767695274,3.34450433293036,1.521580723692269,47.300503408987346,1.0033361190774914,0.9970770326612511,0.9978855979823612,Romania,ROU,NA,45.8,0.3069,0.1723,0.2373,238391,81.4,0970,ROM,2019,238391,92043,-37,-39,0,1,0,1,0,0,0,5,1125,154,329,3,3,214,1,0,0,2,1,2,1,2,17,1,0,2,2,0,21007,2282,1442,ROU,5.55660582,2018,75.35853659,Romania,2019,12919.5296441908,4.15262741240312,NA,NA,NA,NA,NA,18.79006578875,2.94526433708632,NA
RS,2.4189103983244493,0.2536925662595888,0.1242488220209964,0.831178339919112,1.630110527670252,2.2938774922777045,3.226809341340623,3.1684327594681143,2.9826405271254655,0.28592190383007,3.2930182007199167,1.9013084883321096,3.6486412394590806,2.593245123521631,2.318764410830023,3.088199191286964,3.2273219242153304,1.5326216611014323,48.01046907343225,1.0663652021686607,0.9124955522450475,0.9142873966368,Serbia,SRB,Republic of Serbia,52.3,0.5736,0,0,77474,89.08,1292,SER,2019,77474,29913,-47,-46,0,2,0,0,0,0,0,55,7375,91,250,2,3,275,1,0,0,2,1,2,1,3,19,0,0,2,2,0,7051,2357,1507,SRB,8.53899002,2018,75.8902439,Serbia,2019,7411.83611634734,4.24851343995569,NA,94.4721908569336,NA,NA,NA,18.7405034178861,8.29277878317044,82.1745236242076
RU,2.5575936775272545,0.0649360908535485,0.021775642639100635,0.7653415194734616,1.550846704777061,2.167185577913301,2.8152474780445713,2.683217891358862,2.408895187733028,0.5412463725065859,2.9050379905494106,2.656638875130558,5.012413511519198,3.7627237327685634,2.353372027569008,3.100268141517467,3.1903984695601064,1.5537340685801917,44.92816848803228,1.0465251347776212,0.9454771367316613,0.9375816990491854,Russia,RUS,NA,44.3,0.2452,0.2485,0.4398,NA,NA,NA,NA,NA,NA,NA,NA,NA,NA,NA,NA,NA,NA,NA,NA,NA,NA,NA,NA,NA,NA,NA,NA,NA,NA,NA,NA,NA,NA,NA,NA,NA,NA,NA,NA,NA,NA,NA,NA,NA,NA,NA,NA,Russian Federation,2019,11584.9953826104,1.34187544067058,NA,NA,NA,NA,NA,15.0941252324225,1.88100538576924,NA
SE,2.0187176402907947,0.2872900659494275,0.07138818994091545,0.36374356486540543,1.1355425561564165,1.7505047623109034,2.6954545321874503,2.309067044782061,2.348378077951248,0.5217480192273624,2.7606609366881836,2.8423310724558126,2.655262264035069,1.7192569502839956,1.6264444001234684,3.002952931277093,3.215393231832695,1.4966923848382228,45.492105875127336,1.156900282758163,0.8027152886706583,0.7929032738804935,Sweden,SWE,Kingdom of Sweden,72.1,0.06,0.1968,0.2342,450295,22.97,1092,SWE,2019,450295,173860,79,89,0,0,0,0,0,0,0,10,1250,100,349,2,3,349,1,0,0,1,1,3,2,3,32,1,0,3,2,0,9873,568,2125,SWE,10.8985014,2018,82.55853659,Sweden,2019,51615.0206514946,1.26098005513558,NA,NA,NA,NA,NA,20.1985696235664,4.59570492394757,NA
SI,2.340339766856932,0.3501798292757718,0.037866978532479126,0.7463924391212083,1.401802783501719,2.186444886438108,2.8286304751315012,3.107866839157386,2.9590367796973758,0.1456019871399705,3.413592946527595,1.9117594924035437,2.4057257934844585,1.7870735472523507,3.005413766925097,3.5390200391400235,3.497700803897852,1.5065340334357136,49.64032030502577,1.1054224100354852,0.8777772602159472,0.8552790581351305,Slovenia,SVN,Republic of Slovenia,67.2,0.2216,0.2201,0.2868,20273,102.81,1023,SVN,2019,20273,7827,0,0,0,0,0,0,0,0,0,3,375,25,90,2,3,360,1,0,0,2,1,3,2,3,15,0,0,3,2,0,2034,2599,1691,SVN,8.29891014,2018,81.37804878,Slovenia,2019,25946.1821852127,3.18434162415744,NA,NA,NA,NA,NA,20.1862840087865,3.15639977007131,NA
SK,2.1548133420475035,0.06949941985119795,0.007616492835090802,0.7853715996136618,1.4065067005877046,1.982576009672532,2.724767670278677,2.757128586356739,2.5549356944276105,0.3106977153244426,3.1304427117880587,1.977366618974041,3.5071684757521036,2.687577695969193,2.5587903640721974,3.3731295978442786,3.413055508159401,1.5243408676937849,45.11442272606993,1.0116429184850422,0.9736120259481279,0.9681348046190097,Slovakia,SVK,Slovak Republic,47.9,0.2539,0.2551,0.5655,49036,111.14999999999999,NA,NA,NA,NA,NA,NA,NA,NA,NA,NA,NA,NA,NA,NA,NA,NA,NA,NA,NA,NA,NA,NA,NA,NA,NA,NA,NA,NA,NA,NA,NA,NA,NA,NA,NA,NA,NA,NA,NA,NA,NA,NA,Slovak Republic,2019,19266.2754990139,2.31702345469655,NA,NA,NA,NA,NA,16.1723638921146,2.20088874291795,NA
TH,2.0995742128450234,0.49099283689133333,0.32683669097066664,0.6904876751136843,1.496248069720946,1.9270643080629184,2.429111797061091,2.4392114100922733,2.298248443130848,0.557412671856623,2.659682244232938,2.1458358184103092,2.2329170634514823,1.7450642879589502,1.9026444353340055,2.780656125843455,2.8243383174036265,1.532114470397049,43.898936335094064,0.9999272100753334,0.997622492024,0.9972502580606667,Thailand,THA,Kingdom of Thailand,73.2,0.6338,0.6344,0.0994,513120,130,1130,THA,2019,513120,198117,25,27,0,0,26,0,0,0,0,6,33250,115,500,2,2,435,2,0,0,1,1,3,2,1,21,1,0,1,1,1,65864,3325,2148,THA,3.79303908,2018,76.931,Thailand,2019,7806.74221105532,2.35469391059033,NA,115.152656555176,NA,NA,NA,12.4062503348266,0.886145701251857,-4.85741020027712
TJ,2.0325,0.3408333333333333,0.3541666666666667,0.7941666666666667,1.5833333333333333,1.9966666666666666,2.2091152815013406,1.7227635075287866,1.8753387533875339,0.9083969465648855,2.128440366972477,2.3366666666666664,2.5991666666666666,2.4225,1.7275,2.055833333333333,2.200833333333333,1.505,41.06333333333333,1.005,0.9908333333333333,0.9916666666666667,Tajikistan,TJK,Republic of Tajikistan,32.3,0.5107,0.5473,0.3386,143100,63.78,1115,TJK,2019,144100,55637,152,77,0,0,0,0,1,1,0,0,562,51,63,3,1,124,1,0,0,2,1,2,1,1,16,0,0,1,2,0,8764,1575,1069,TJK,7.2394805,2018,70.879,Tajikistan,2019,870.787589323223,7.01126898499351,NA,NA,NA,NA,26.3,3.0859612115329,2.62189867901573,39.3261763423903
TN,2.537313432835821,0.0791304347826087,0.0782312925170068,0.8575085324232082,1.6929133858267718,2.1993355481727574,2.9966101694915253,3.512690355329949,3.028109028960818,0.12077702702702703,3.5637130801687764,2.655202063628547,2.1205320033250206,1.920965058236273,2.2288642186165672,2.5775862068965516,2.539383561643836,1.537313432835821,43.14771784232365,1.0116182572614107,0.9867109634551495,0.9842061512884456,Tunisia,TUN,Republic of Tunisia,33.7,0.0394,0.0124,0.0104,163610,71.64999999999999,1160,TUN,2019,163610,63170,85,85,0,4,6,0,0,1,0,6,9562,52,217,2,3,417,1,0,0,2,1,2,1,2,27,0,1,2,2,1,11233,1778,2214,TUN,7.29209566,2018,76.505,Tunisia,2019,3317.4535932122,1.04304533812767,NA,NA,NA,NA,NA,8.5934685561919,2.08825420020034,84.143110176215
TR,2.159185369908562,0.05739421868454127,0.0867003367003367,0.8573839662447258,1.4270967741935483,2.0141196013289036,2.6673657718120807,2.3671209540034073,2.3208351086493395,0.6990740740740741,2.5038200339558574,2.448018648018648,2.0967336683417086,1.686847599164927,3.0410899653979238,3.2279029462738302,3.206926406926407,1.500207039337474,38.826429163214584,1.003312629399586,0.9937888198757764,0.9937888198757764,Turkey,TUR,Republic of Turkey,52.4,0.32,0.2216,0.0049,783562,106.11999999999999,1170,TUR,2019,783562,302535,45,46,0,0,18,0,1,0,0,6,23500,344,600,3,2,174,1,0,0,2,1,2,1,0,18,0,0,2,2,0,79726,2635,2856,TUR,4.12414074,2018,77.437,Turkey,2019,9126.56134585014,0.916534797206751,NA,NA,NA,NA,NA,8.72628382619289,1.18882280769824,9.88749586276445
TW,2.233968823714636,0.34756373550858544,0.14454321946034343,0.6920821166058871,1.3744419279983646,2.1148808202371217,2.9379447490659985,2.8903352777504185,2.337571639911277,0.5332675380933334,3.0175392736861437,2.237892972299831,2.265984620322976,1.7354695875355683,1.991906413190671,2.831719010807032,3.0584324515106385,1.5073365273883892,46.23418924063584,1.0275964833982012,0.9511775744652494,0.9244691646230581,Taiwan,TWN,"Taiwan, Province of China",NA,0.2744,0.5028,0.6845,36197,652.11,0231,TWN,2019,35980,13892,11,11,0,0,0,0,0,0,0,3,375,68,113,3,3,166,1,0,0,2,1,2,1,3,40,0,0,3,2,0,23631,17011,NA,NA,NA,NA,NA,NA,NA,NA,NA,NA,NA,NA,NA,NA,NA,NA,NA
UA,2.6229082632462863,0.28101623165974443,0.08376500154828412,0.6909251583017516,1.4991449190676627,2.1317889310275375,2.918384063926869,3.236906694812295,2.8371085894583334,0.2025432276325852,3.222765889229046,2.60843481657295,3.616436311585268,3.100363568300578,2.616389002655144,3.4106313506595747,3.3071160788392557,1.5915793988083786,47.59459397133669,1.0404381469175739,0.9280803514913386,0.8976218765486166,Ukraine,UKR,NA,38,0.4737,0.4741,0.6157,NA,NA,1183,UKR,2019,603550,233032,-10,-11,1,1,0,0,0,1,0,11,2250,254,450,2,2,177,1,0,0,2,1,2,1,2,19,1,1,2,2,1,44325,1902,1275,UKR,7.72391653,2018,71.58268293,Ukraine,2019,3659.03131229487,3.23349118845559,NA,NA,NA,NA,NA,16.7049903897468,3.79305465454827,25.870136084914
US,2.1096777847642056,0.6061236194299139,0.4924605986570979,0.6276456064352532,1.5802305490663284,2.22886028689011,2.878467408836999,3.051957156217974,2.6188305974130954,0.337735634192066,3.1035188988392437,2.5124416461372627,2.9472125246911016,2.052119898387867,2.1855489943722115,3.098713942688189,3.0245911445225935,1.5160773852838982,46.702029100073574,1.0990113384369085,0.8428955161663184,0.853466046917652,United States,USA,United States of America,83.5,0.4901,0.5647,0.8241,9833517,34,1220,USA,2019,9833517,3796741,72,58,0,3,0,1,0,6,0,53,9500,234,435,3,3,186,1,0,0,2,2,2,1,0,24,0,0,3,2,0,327792,863,2129,USA,16.88529778,2018,78.53902439,United States,2019,65297.517508274,2.16117628829923,NA,NA,NA,NA,NA,16.2096061428511,1.64058830901144,NA
VN,2.2025,0.12083333333333333,0.0425,0.7233333333333334,1.3035863219349457,1.995,2.128704487722269,1.7306368330464716,2.019810508182601,0.9465195246179966,1.797971259509721,1.846435100548446,3.424166666666667,2.8325,2.6216666666666666,3.32,3.15,1.5458333333333334,37.8925,1,0.9991666666666666,0.9925,Vietnam,VNM,Socialist Republic of Viet Nam,49.1,0.2383,0.2377,0.508,331212,290.47999999999996,1260,VNM,2019,331210,127881,84,84,0,0,0,0,0,0,0,1,125,474,484,0,0,102,1,0,0,2,1,5,3,1,20,0,0,1,2,0,93107,7281,1094,VNM,5.91789675,2018,75.317,Vietnam,2019,2715.27603640721,7.0174348821878,NA,NA,NA,NA,NA,7.55367294178711,6.15452175697011,11.3477722006485
ZW,2.7775947281713345,0.9051937345424568,0.24833887043189368,0.9785831960461285,1.4651741293532339,2.2411230388109002,2.8813131313131315,2.6985049833887045,2.4958471760797343,0.5198675496688742,2.9857740585774057,2.1349072512647553,2.099752679307502,1.8551440329218107,2.9933444259567388,3.1609674728940784,3.153078202995008,1.5061728395061729,39.10322047894302,1.0065897858319606,0.9752883031301482,0.9555189456342669,Zimbabwe,ZWE,Republic of Zimbabwe,38.2,0.3874,0.4472,0.7363,390757,38.8,1214,ZWE,2019,390757,150872,187,187,0,7,0,0,1,4,0,0,3250,179,270,3,3,151,1,0,0,2,2,2,1,0,24,0,0,1,2,0,17306,1147,NA,ZWE,4.73433113,2018,61.195,Zimbabwe,2019,1463.98591018054,-8.10000019886093,NA,NA,NA,NA,38.3,2.9806080625078,1.30592393026687,66.5659857812968
